,ligand,molecular_weight
0,0,563.2420211560001
1,1,279.158291532
2,2,479.17835404799996
3,3,248.15247788
4,4,504.173603016
5,5,406.189257312
